source,tag,file,dataset,scorer,seed,d_h,layers,label_smooth,batch_size,score_chunk_size,epochs,train_time_s,best_val_mrr,MRR,Hits@1,Hits@3,Hits@10,MR
pricai_3day,root,C:\Users\13742\Documents\KG\kgc-decoder-audit\pricai_3day_results_20260609\pricai_3day_pack_20260609_113656\root_jsons\codex-l_d200_L0_ls0.3_ComplEx_seed123.json,codex-l,ComplEx,123,200,0,0.3,4096,0,200,1757.5660285949707,0.5280126344947901,0.536758510915465,43.965123114100976,59.035987198746,72.10502253281955,1330.2667689896152
pricai_3day,root,C:\Users\13742\Documents\KG\kgc-decoder-audit\pricai_3day_results_20260609\pricai_3day_pack_20260609_113656\root_jsons\codex-l_d200_L0_ls0.3_ComplEx_seed42.json,codex-l,ComplEx,42,200,0,0.3,4096,0,200,1581.7251682281494,0.5087646196255001,0.5414283989098297,44.030435634511136,60.00261250081641,73.11083534713605,882.0678923649664
pricai_3day,root,C:\Users\13742\Documents\KG\kgc-decoder-audit\pricai_3day_results_20260609\pricai_3day_pack_20260609_113656\root_jsons\codex-l_d200_L0_ls0.3_ComplEx_seed456.json,codex-l,ComplEx,456,200,0,0.3,4096,0,200,1669.4194076061249,0.5110011447242118,0.5424423848536356,44.383123244726015,59.69890928090915,72.86917902161845,969.2953432172948
pricai_3day,root,C:\Users\13742\Documents\KG\kgc-decoder-audit\pricai_3day_results_20260609\pricai_3day_pack_20260609_113656\root_jsons\codex-l_d200_L0_ls0.3_seed123.json,codex-l,DistMult,123,200,0,0.3,4096,0,200,1495.5265295505524,0.5166698442408691,0.5368055162892873,43.8965449676703,59.192737247730385,72.287897589968,1105.9605512376722
pricai_3day,root,C:\Users\13742\Documents\KG\kgc-decoder-audit\pricai_3day_results_20260609\pricai_3day_pack_20260609_113656\root_jsons\codex-l_d200_L0_ls0.3_seed42.json,codex-l,DistMult,42,200,0,0.3,4096,0,200,1262.1719126701355,0.5125927471178436,0.5337038774783817,43.243419763568674,59.16008098752531,72.45771014303442,806.0532297041343
pricai_3day,root,C:\Users\13742\Documents\KG\kgc-decoder-audit\pricai_3day_results_20260609\pricai_3day_pack_20260609_113656\root_jsons\codex-l_d200_L0_ls0.3_seed456.json,codex-l,DistMult,456,200,0,0.3,4096,0,200,1506.5348980426788,0.5176846309645159,0.5358720958700702,43.837763699301156,58.96740905231533,72.13767879302462,1141.0032329697603
pricai_3day,root,C:\Users\13742\Documents\KG\kgc-decoder-audit\pricai_3day_results_20260609\pricai_3day_pack_20260609_113656\root_jsons\Kinship_d200_L2_ls0.3_ComplEx_seed123.json,Kinship,ComplEx,123,200,2,0.3,1024,0,300,21.078312873840332,0.8647425869069969,0.856632801922015,77.28119180633148,93.29608938547486,98.69646182495345,1.87243947858473
pricai_3day,root,C:\Users\13742\Documents\KG\kgc-decoder-audit\pricai_3day_results_20260609\pricai_3day_pack_20260609_113656\root_jsons\Kinship_d200_L2_ls0.3_ComplEx_seed42.json,Kinship,ComplEx,42,200,2,0.3,1024,0,300,21.087395191192627,0.8662169711168531,0.8602328660848343,77.93296089385476,93.1098696461825,98.51024208566108,1.9450651769087524
pricai_3day,root,C:\Users\13742\Documents\KG\kgc-decoder-audit\pricai_3day_results_20260609\pricai_3day_pack_20260609_113656\root_jsons\Kinship_d200_L2_ls0.3_ComplEx_seed456.json,Kinship,ComplEx,456,200,2,0.3,1024,0,300,21.207536458969116,0.8624576527827835,0.8455117250787805,75.512104283054,92.5512104283054,98.04469273743017,1.905027932960894
pricai_3day,root,C:\Users\13742\Documents\KG\kgc-decoder-audit\pricai_3day_results_20260609\pricai_3day_pack_20260609_113656\root_jsons\Kinship_d200_L2_ls0.3_ComplEx_seed777.json,Kinship,ComplEx,777,200,2,0.3,1024,0,300,21.12862753868103,0.8654992723133255,0.8516879445023107,76.6294227188082,93.29608938547486,98.23091247672254,1.9804469273743017
pricai_3day,root,C:\Users\13742\Documents\KG\kgc-decoder-audit\pricai_3day_results_20260609\pricai_3day_pack_20260609_113656\root_jsons\Kinship_d200_L2_ls0.3_ComplEx_seed888.json,Kinship,ComplEx,888,200,2,0.3,1024,0,300,23.048234462738037,0.862968822195603,0.8477639032056331,76.0707635009311,92.83054003724395,98.4171322160149,1.9608938547486034
pricai_3day,root,C:\Users\13742\Documents\KG\kgc-decoder-audit\pricai_3day_results_20260609\pricai_3day_pack_20260609_113656\root_jsons\Kinship_d200_L2_ls0.3_ComplEx_seed999.json,Kinship,ComplEx,999,200,2,0.3,1024,0,300,21.163829565048218,0.8586287023043963,0.8584196667475744,77.83985102420856,93.20297951582867,98.51024208566108,1.914338919925512
pricai_3day,root,C:\Users\13742\Documents\KG\kgc-decoder-audit\pricai_3day_results_20260609\pricai_3day_pack_20260609_113656\root_jsons\Kinship_d200_L2_ls0.3_RotatE_seed123.json,Kinship,RotatE,123,200,2,0.3,4096,0,300,18.9065158367157,0.7190232701711569,0.7200243148597442,59.96275605214153,81.09869646182494,93.76163873370578,3.3221601489757915
pricai_3day,root,C:\Users\13742\Documents\KG\kgc-decoder-audit\pricai_3day_results_20260609\pricai_3day_pack_20260609_113656\root_jsons\Kinship_d200_L2_ls0.3_RotatE_seed42.json,Kinship,RotatE,42,200,2,0.3,4096,0,300,16.676994562149048,0.7161371553569205,0.7229164379983164,60.05586592178771,81.84357541899442,95.06517690875232,3.112662942271881
pricai_3day,root,C:\Users\13742\Documents\KG\kgc-decoder-audit\pricai_3day_results_20260609\pricai_3day_pack_20260609_113656\root_jsons\Kinship_d200_L2_ls0.3_RotatE_seed456.json,Kinship,RotatE,456,200,2,0.3,4096,0,300,16.75773525238037,0.753699173541373,0.7369538460594408,61.54562383612663,83.24022346368714,95.25139664804469,3.0679702048417132
pricai_3day,root,C:\Users\13742\Documents\KG\kgc-decoder-audit\pricai_3day_results_20260609\pricai_3day_pack_20260609_113656\root_jsons\Kinship_d200_L2_ls0.3_seed123.json,Kinship,DistMult,123,200,2,0.3,1024,0,300,21.362305641174316,0.7494782448271811,0.7093285824076525,58.659217877094974,78.86405959031657,95.25139664804469,3.243947858472998
pricai_3day,root,C:\Users\13742\Documents\KG\kgc-decoder-audit\pricai_3day_results_20260609\pricai_3day_pack_20260609_113656\root_jsons\Kinship_d200_L2_ls0.3_seed42.json,Kinship,DistMult,42,200,2,0.3,1024,0,300,21.342421293258667,0.7346730567996735,0.7079596551976017,57.821229050279335,79.51582867783985,95.34450651769087,2.889199255121043
pricai_3day,root,C:\Users\13742\Documents\KG\kgc-decoder-audit\pricai_3day_results_20260609\pricai_3day_pack_20260609_113656\root_jsons\Kinship_d200_L2_ls0.3_seed456.json,Kinship,DistMult,456,200,2,0.3,1024,0,300,19.3946270942688,0.739713954371117,0.701307251421297,57.821229050279335,77.83985102420856,94.97206703910615,3.005586592178771
pricai_3day,root,C:\Users\13742\Documents\KG\kgc-decoder-audit\pricai_3day_results_20260609\pricai_3day_pack_20260609_113656\root_jsons\Kinship_d200_L2_ls0.3_seed777.json,Kinship,DistMult,777,200,2,0.3,1024,0,300,19.461575031280518,0.742868126412504,0.710540851324248,58.37988826815642,79.7951582867784,94.87895716945997,2.9804469273743015
pricai_3day,root,C:\Users\13742\Documents\KG\kgc-decoder-audit\pricai_3day_results_20260609\pricai_3day_pack_20260609_113656\root_jsons\Kinship_d200_L2_ls0.3_seed888.json,Kinship,DistMult,888,200,2,0.3,1024,0,300,19.644503355026245,0.7583121636366913,0.7149339851352562,58.84543761638734,80.16759776536313,95.53072625698324,3.01024208566108
pricai_3day,root,C:\Users\13742\Documents\KG\kgc-decoder-audit\pricai_3day_results_20260609\pricai_3day_pack_20260609_113656\root_jsons\Kinship_d200_L2_ls0.3_seed999.json,Kinship,DistMult,999,200,2,0.3,1024,0,300,18.297694206237793,0.7384165798740178,0.7177334999839187,59.217877094972074,79.7951582867784,95.90316573556798,2.96927374301676
pricai_3day,root,C:\Users\13742\Documents\KG\kgc-decoder-audit\pricai_3day_results_20260609\pricai_3day_pack_20260609_113656\root_jsons\Kinship_d200_L2_ls0.3_TransE_seed123.json,Kinship,TransE,123,200,2,0.3,4096,0,300,16.059240341186523,0.050676094322948124,0.05235136976442211,0.0,3.072625698324022,12.197392923649906,44.580074487895715
pricai_3day,root,C:\Users\13742\Documents\KG\kgc-decoder-audit\pricai_3day_results_20260609\pricai_3day_pack_20260609_113656\root_jsons\Kinship_d200_L2_ls0.3_TransE_seed42.json,Kinship,TransE,42,200,2,0.3,4096,0,300,13.777004718780518,0.046236098271568445,0.04508231358003065,0.0,1.48975791433892,10.986964618249534,46.89571694599628
pricai_3day,root,C:\Users\13742\Documents\KG\kgc-decoder-audit\pricai_3day_results_20260609\pricai_3day_pack_20260609_113656\root_jsons\Kinship_d200_L2_ls0.3_TransE_seed456.json,Kinship,TransE,456,200,2,0.3,4096,0,300,15.779012680053711,0.04691503508906098,0.04429105257453102,0.0,1.2104283054003724,11.1731843575419,46.243947858473
pricai_3day,root,C:\Users\13742\Documents\KG\kgc-decoder-audit\pricai_3day_results_20260609\pricai_3day_pack_20260609_113656\root_jsons\UMLS_d200_L2_ls0.3_ComplEx_seed123.json,UMLS,ComplEx,123,200,2,0.3,1024,0,300,21.541399717330933,0.9498527519653835,0.944460172436357,90.46898638426626,98.48714069591527,99.24357034795764,1.325264750378215
pricai_3day,root,C:\Users\13742\Documents\KG\kgc-decoder-audit\pricai_3day_results_20260609\pricai_3day_pack_20260609_113656\root_jsons\UMLS_d200_L2_ls0.3_ComplEx_seed42.json,UMLS,ComplEx,42,200,2,0.3,1024,0,300,17.601552486419678,0.9549760699131,0.9319237326801623,88.6535552193646,97.12556732223904,99.69742813918305,1.2829046898638428
pricai_3day,root,C:\Users\13742\Documents\KG\kgc-decoder-audit\pricai_3day_results_20260609\pricai_3day_pack_20260609_113656\root_jsons\UMLS_d200_L2_ls0.3_ComplEx_seed456.json,UMLS,ComplEx,456,200,2,0.3,1024,0,300,18.904923677444458,0.9514870844395434,0.9493767312316715,91.22541603630863,98.48714069591527,99.54614220877458,1.307110438729198
pricai_3day,root,C:\Users\13742\Documents\KG\kgc-decoder-audit\pricai_3day_results_20260609\pricai_3day_pack_20260609_113656\root_jsons\UMLS_d200_L2_ls0.3_ComplEx_seed777.json,UMLS,ComplEx,777,200,2,0.3,1024,0,300,18.26414942741394,0.9460626840800901,0.9468413870843345,91.67927382753403,97.2768532526475,99.39485627836612,1.5703479576399395
pricai_3day,root,C:\Users\13742\Documents\KG\kgc-decoder-audit\pricai_3day_results_20260609\pricai_3day_pack_20260609_113656\root_jsons\UMLS_d200_L2_ls0.3_ComplEx_seed888.json,UMLS,ComplEx,888,200,2,0.3,1024,0,300,18.36339282989502,0.9491209401709402,0.9479110045256214,91.83055975794251,97.2768532526475,99.09228441754917,1.4674735249621784
pricai_3day,root,C:\Users\13742\Documents\KG\kgc-decoder-audit\pricai_3day_results_20260609\pricai_3day_pack_20260609_113656\root_jsons\UMLS_d200_L2_ls0.3_ComplEx_seed999.json,UMLS,ComplEx,999,200,2,0.3,1024,0,300,21.614961862564087,0.9450269396295712,0.9357851114769504,89.56127080181543,97.12556732223904,98.9409984871407,1.4084720121028744
pricai_3day,root,C:\Users\13742\Documents\KG\kgc-decoder-audit\pricai_3day_results_20260609\pricai_3day_pack_20260609_113656\root_jsons\UMLS_d200_L2_ls0.3_RotatE_seed123.json,UMLS,RotatE,123,200,2,0.3,4096,0,300,15.281509637832642,0.8569778407456151,0.8488742203096704,76.70196671709532,91.83055975794251,97.12556732223904,3.3721633888048412
pricai_3day,root,C:\Users\13742\Documents\KG\kgc-decoder-audit\pricai_3day_results_20260609\pricai_3day_pack_20260609_113656\root_jsons\UMLS_d200_L2_ls0.3_RotatE_seed42.json,UMLS,RotatE,42,200,2,0.3,4096,0,300,15.522404670715332,0.8784151471303753,0.855667225619758,78.21482602118003,91.67927382753403,95.61270801815431,3.092284417549168
pricai_3day,root,C:\Users\13742\Documents\KG\kgc-decoder-audit\pricai_3day_results_20260609\pricai_3day_pack_20260609_113656\root_jsons\UMLS_d200_L2_ls0.3_RotatE_seed456.json,UMLS,RotatE,456,200,2,0.3,4096,0,300,18.63962197303772,0.8694243010279932,0.8425938181261529,76.85325264750378,91.07413010590015,93.64599092284418,4.302571860816944
pricai_3day,root,C:\Users\13742\Documents\KG\kgc-decoder-audit\pricai_3day_results_20260609\pricai_3day_pack_20260609_113656\root_jsons\UMLS_d200_L2_ls0.3_seed123.json,UMLS,DistMult,123,200,2,0.3,1024,0,300,17.242661237716675,0.941019842009842,0.9209025583475355,88.04841149773071,95.15885022692889,98.9409984871407,1.62178517397882
pricai_3day,root,C:\Users\13742\Documents\KG\kgc-decoder-audit\pricai_3day_results_20260609\pricai_3day_pack_20260609_113656\root_jsons\UMLS_d200_L2_ls0.3_seed42.json,UMLS,DistMult,42,200,2,0.3,1024,0,300,17.169161558151245,0.9240279777326201,0.9167283874651685,87.89712556732225,94.0998487140696,98.9409984871407,1.5597579425113464
pricai_3day,root,C:\Users\13742\Documents\KG\kgc-decoder-audit\pricai_3day_results_20260609\pricai_3day_pack_20260609_113656\root_jsons\UMLS_d200_L2_ls0.3_seed456.json,UMLS,DistMult,456,200,2,0.3,1024,0,300,17.33407950401306,0.931248309023309,0.9222726037919432,88.19969742813917,96.06656580937972,99.24357034795764,1.5915279878971256
pricai_3day,root,C:\Users\13742\Documents\KG\kgc-decoder-audit\pricai_3day_results_20260609\pricai_3day_pack_20260609_113656\root_jsons\UMLS_d200_L2_ls0.3_seed777.json,UMLS,DistMult,777,200,2,0.3,1024,0,300,17.37457799911499,0.9326050670576986,0.9295599477426255,89.40998487140696,95.31013615733737,99.54614220877458,1.3555219364599091
pricai_3day,root,C:\Users\13742\Documents\KG\kgc-decoder-audit\pricai_3day_results_20260609\pricai_3day_pack_20260609_113656\root_jsons\UMLS_d200_L2_ls0.3_seed888.json,UMLS,DistMult,888,200,2,0.3,1024,0,300,17.289525032043457,0.9459722204684423,0.9155009170260126,87.29198184568835,94.55370650529501,98.63842662632375,1.4886535552193645
pricai_3day,root,C:\Users\13742\Documents\KG\kgc-decoder-audit\pricai_3day_results_20260609\pricai_3day_pack_20260609_113656\root_jsons\UMLS_d200_L2_ls0.3_seed999.json,UMLS,DistMult,999,200,2,0.3,1024,0,300,20.532000303268433,0.9246649998784071,0.9178107853129983,87.5945537065053,94.70499243570349,99.39485627836612,1.475037821482602
pricai_3day,root,C:\Users\13742\Documents\KG\kgc-decoder-audit\pricai_3day_results_20260609\pricai_3day_pack_20260609_113656\root_jsons\UMLS_d200_L2_ls0.3_TransE_seed123.json,UMLS,TransE,123,200,2,0.3,4096,0,300,12.942566633224487,0.08732868550164798,0.09070496693221909,0.0,6.656580937972769,31.46747352496218,31.334341906202724
pricai_3day,root,C:\Users\13742\Documents\KG\kgc-decoder-audit\pricai_3day_results_20260609\pricai_3day_pack_20260609_113656\root_jsons\UMLS_d200_L2_ls0.3_TransE_seed42.json,UMLS,TransE,42,200,2,0.3,4096,0,300,10.334742546081543,0.10472844237507511,0.10747581163033293,0.0,10.59001512859304,35.854765506807865,30.04841149773071
pricai_3day,root,C:\Users\13742\Documents\KG\kgc-decoder-audit\pricai_3day_results_20260609\pricai_3day_pack_20260609_113656\root_jsons\UMLS_d200_L2_ls0.3_TransE_seed456.json,UMLS,TransE,456,200,2,0.3,4096,0,300,10.773386001586914,0.10254425662701587,0.10324187329862505,0.0,10.892586989409985,33.13161875945537,32.48260211800302
pricai_3day,root,C:\Users\13742\Documents\KG\kgc-decoder-audit\pricai_3day_results_20260609\pricai_3day_pack_20260609_113656\root_jsons\WN18RR_d200_L2_ls0.3_ComplEx_seed777.json,WN18RR,ComplEx,777,200,2,0.3,1024,0,300,866.284265756607,0.503432623338466,0.4858157464037468,45.373324824505424,50.0,54.78621569878749,3615.8924696873005
pricai_3day,root,C:\Users\13742\Documents\KG\kgc-decoder-audit\pricai_3day_results_20260609\pricai_3day_pack_20260609_113656\root_jsons\WN18RR_d200_L2_ls0.3_ComplEx_seed888.json,WN18RR,ComplEx,888,200,2,0.3,1024,0,300,878.081038236618,0.5023380645902628,0.48638092301099933,45.43714103382259,49.872367581365666,54.4033184428845,3844.816528398213
pricai_3day,root,C:\Users\13742\Documents\KG\kgc-decoder-audit\pricai_3day_results_20260609\pricai_3day_pack_20260609_113656\root_jsons\WN18RR_d200_L2_ls0.3_ComplEx_seed999.json,WN18RR,ComplEx,999,200,2,0.3,1024,0,300,878.9460804462433,0.4960859981961812,0.4840577419174834,45.34141671984684,49.71282705807275,53.95660497766433,4028.9336311423103
pricai_3day,root,C:\Users\13742\Documents\KG\kgc-decoder-audit\pricai_3day_results_20260609\pricai_3day_pack_20260609_113656\root_jsons\WN18RR_d200_L2_ls0.3_RotatE_seed777.json,WN18RR,RotatE,777,200,2,0.3,128,2048,300,84091.50694084167,0.5192819467009081,0.49291370227923564,45.82003828972559,50.893426930440334,55.67964262922782,2791.9511805998723
pricai_3day,root,C:\Users\13742\Documents\KG\kgc-decoder-audit\pricai_3day_results_20260609\pricai_3day_pack_20260609_113656\root_jsons\WN18RR_d200_L2_ls0.3_RotatE_seed888.json,WN18RR,RotatE,888,200,2,0.3,128,2048,300,85594.34254980087,0.5067853960377253,0.4948935642736374,45.94767070835992,50.92533503509892,56.09444798978941,2761.7415443522655
pricai_3day,root,C:\Users\13742\Documents\KG\kgc-decoder-audit\pricai_3day_results_20260609\pricai_3day_pack_20260609_113656\root_jsons\WN18RR_d200_L2_ls0.3_RotatE_seed999.json,WN18RR,RotatE,999,200,2,0.3,128,2048,300,69699.74129843712,0.5204614932681911,0.4909943040960964,45.50095724313976,50.47862156987875,55.83918315252075,2860.0829610721125
pricai_3day,root,C:\Users\13742\Documents\KG\kgc-decoder-audit\pricai_3day_results_20260609\pricai_3day_pack_20260609_113656\root_jsons\WN18RR_d200_L2_ls0.3_seed777.json,WN18RR,DistMult,777,200,2,0.3,1024,0,300,668.8218815326691,0.4894838984983019,0.4736510983005805,43.90555201021059,48.75558391831525,53.60561582641991,3178.9664964901085
pricai_3day,root,C:\Users\13742\Documents\KG\kgc-decoder-audit\pricai_3day_results_20260609\pricai_3day_pack_20260609_113656\root_jsons\WN18RR_d200_L2_ls0.3_seed888.json,WN18RR,DistMult,888,200,2,0.3,1024,0,300,833.8988418579102,0.4873520458003113,0.47511616610001167,44.00127632418634,48.88321633694959,54.275686024250156,2682.833439693682
pricai_3day,root,C:\Users\13742\Documents\KG\kgc-decoder-audit\pricai_3day_results_20260609\pricai_3day_pack_20260609_113656\root_jsons\WN18RR_d200_L2_ls0.3_seed999.json,WN18RR,DistMult,999,200,2,0.3,1024,0,300,835.4862630367279,0.48164256362344154,0.4756332617579068,44.288449266113595,48.81940012763242,53.57370772176133,2767.882897255903
pricai_3day,root,C:\Users\13742\Documents\KG\kgc-decoder-audit\pricai_3day_results_20260609\pricai_3day_pack_20260609_113656\root_jsons\WN18RR_d200_L2_ls0.3_TransE_seed777.json,WN18RR,TransE,777,200,2,0.3,128,2048,300,47980.24378633499,0.20393789345627175,0.20147733264724213,6.924058710912571,28.14294830887045,46.330567964262926,3209.462348436503
pricai_3day,root,C:\Users\13742\Documents\KG\kgc-decoder-audit\pricai_3day_results_20260609\pricai_3day_pack_20260609_113656\root_jsons\WN18RR_d200_L2_ls0.3_TransE_seed888.json,WN18RR,TransE,888,200,2,0.3,128,2048,300,42851.60717535019,0.19386253605874446,0.1972179475765854,7.49840459476707,26.38800255264837,43.74601148691768,2523.7306955966815
pricai_3day,root,C:\Users\13742\Documents\KG\kgc-decoder-audit\pricai_3day_results_20260609\pricai_3day_pack_20260609_113656\root_jsons\WN18RR_d200_L2_ls0.3_TransE_seed999.json,WN18RR,TransE,999,200,2,0.3,128,2048,300,54636.396990299225,0.21370765398565378,0.20624398231166,7.753669432035737,28.334396936821953,45.788130185067004,3251.2852584556476
pricai_3day,root,C:\Users\13742\Documents\KG\kgc-decoder-audit\pricai_3day_results_20260609\pricai_3day_pack_20260609_113656\root_jsons\YAGO3-10_d128_L0_ls0.3_ComplEx_seed777.json,YAGO3-10,ComplEx,777,128,0,0.3,2048,0,150,3794.0617175102234,0.7016969624350068,0.7021595320883354,64.64,73.92,79.42,1705.6786
pricai_3day,root,C:\Users\13742\Documents\KG\kgc-decoder-audit\pricai_3day_results_20260609\pricai_3day_pack_20260609_113656\root_jsons\YAGO3-10_d128_L0_ls0.3_ComplEx_seed888.json,YAGO3-10,ComplEx,888,128,0,0.3,2048,0,150,3795.2238252162933,0.6965294127230989,0.6925631293066159,63.260000000000005,73.4,78.82000000000001,1594.7826
pricai_3day,root,C:\Users\13742\Documents\KG\kgc-decoder-audit\pricai_3day_results_20260609\pricai_3day_pack_20260609_113656\root_jsons\YAGO3-10_d128_L0_ls0.3_ComplEx_seed999.json,YAGO3-10,ComplEx,999,128,0,0.3,2048,0,150,3787.0571796894073,0.6974301333088401,0.6966403086827635,63.68000000000001,73.76,79.72,1470.1792
pricai_3day,root,C:\Users\13742\Documents\KG\kgc-decoder-audit\pricai_3day_results_20260609\pricai_3day_pack_20260609_113656\root_jsons\YAGO3-10_d256_L0_ls0.3_ComplEx_seed42.json,YAGO3-10,ComplEx,42,256,0,0.3,1024,0,150,5520.33730006218,0.6994223272038367,0.7046872776959936,64.64,74.4,80.06,1494.7732
